{"cameraMode":{"drawMode":0,"name":"Shaded","section":"Shading Mode"},"sceneLighting":false,"audioPlay":false,"sceneViewState":{"m_AlwaysRefresh":false,"showFog":true,"showSkybox":false,"showFlares":true,"showImageEffects":true,"showParticleSystems":true,"showVisualEffectGraphs":true,"m_FxEnabled":true},"in2DMode":false,"pivot":{"x":1.2760000228881837,"y":0.6019999980926514,"z":1.3589999675750733},"rotation":{"x":-0.27619051933288576,"y":0.20753327012062074,"z":-0.06121015548706055,"w":-0.9364261031150818},"size":1.687877893447876,"orthographic":false}